makespan,sla_violation,sla_violation_percent,cpu_utilization,execution_time,tasks_executed,energy_consumption,avg_loop_time,avg_optimize_time
1734298658.9839513,1279,14.84792198746227,0.7355555555555555,430.4471650123596,8614,0.8826666666666666,2.326741432499241,2.025097961683531
