makespan,sla_violation,sla_violation_percent,cpu_utilization,execution_time,tasks_executed,energy_consumption,avg_loop_time,avg_optimize_time
0.03375,120,1.3930810308799628,0.18975,240.08840489387512,8614,0.22769999999999999,1.2977751615885142,1.2766330925193994
