makespan,sla_violation,sla_violation_percent,cpu_utilization,execution_time,tasks_executed,energy_consumption,avg_loop_time,avg_optimize_time
0.045,1281,14.871140004643605,0.6855555555555556,232.6426317691803,8614,0.8226666666666667,1.2575277392928665,1.2364995711558573
