makespan,sla_violation,sla_violation_percent,cpu_utilization,execution_time,tasks_executed,energy_consumption,avg_loop_time,avg_optimize_time
1734299083.1567059,2572,29.85837009519387,0.8022222222222222,84.6414008140564,8614,0.9626666666666666,0.4575210854813859,0.15594280088270032
