makespan,sla_violation,sla_violation_percent,cpu_utilization,execution_time,tasks_executed,energy_consumption,avg_loop_time,avg_optimize_time
0.0225,85,0.9867657302066404,0.18975,26.714186191558838,8614,0.22769999999999999,0.14440100644085857,0.12321855570818926
