makespan,sla_violation,sla_violation_percent,cpu_utilization,execution_time,tasks_executed,energy_consumption,avg_loop_time,avg_optimize_time
1734306038.894363,503,5.839331321105178,0.19111111111111112,30.131275177001953,8614,0.22933333333333333,0.06710751709799989,0.046240184779687554
