makespan,sla_violation,sla_violation_percent,cpu_utilization,execution_time,tasks_executed,energy_consumption,avg_loop_time,avg_optimize_time
1734297225.1324246,992,11.516136521941025,0.286,73.05073618888855,8614,0.34319999999999995,0.39486884426426244,0.09348174559103475
