makespan,sla_violation,sla_violation_percent,cpu_utilization,execution_time,tasks_executed,energy_consumption,avg_loop_time,avg_optimize_time
1734299331.6324556,3334,38.70443464128163,0.10111111111111111,72.07633018493652,8614,0.12133333333333332,0.38960178478344065,0.08747232926858438
