makespan,sla_violation,sla_violation_percent,cpu_utilization,execution_time,tasks_executed,energy_consumption,avg_loop_time,avg_optimize_time
0.0225,488,5.665196192245182,0.19111111111111112,22.60700821876526,8614,0.22933333333333333,0.050349684228875854,0.02964792379026689
